LATITUD,LONGITUD
21.897879999999997,-102.29424
21.90344,-102.25928
21.88195,-102.36479
21.9028,-102.27019
21.898000000000003,-102.27949
21.91084,-102.31144
21.88105,-102.27208
21.8864,-102.30111
21.88713,-102.25121999999999
21.928,-102.26380999999999
21.86421,-102.24896
21.91515,-102.25328
21.8772,-102.31219
21.86636,-102.28384
21.92225,-102.27454
21.92435,-102.31753
21.88598,-102.29847
21.898410000000002,-102.28036
21.87369,-102.3185
21.85216,-102.34449000000001
21.87835,-102.27667
21.93817,-102.25373
21.914279999999998,-102.31281
21.92512,-102.31792
21.84962,-102.30111
21.9115,-102.23804
21.86605,-102.25291
21.86712,-102.30413
21.89255,-102.29007
21.87265,-102.24845
21.859,-102.25986
21.92315,-102.26812
21.84467,-102.29375
21.930529999999997,-102.31815999999999
21.865460000000002,-102.31772
21.86061,-102.31318
21.88804,-102.26165999999999
21.91568,-102.29746999999999
21.86992,-102.24874
21.90759,-102.29233
21.92452,-102.30861999999999
21.883020000000002,-102.25901
21.92216,-102.27826999999999
21.93743,-102.29708000000001
21.924429999999997,-102.3103
21.8541,-102.26735
21.86966,-102.27011
21.898979999999998,-102.29857
21.88609,-102.31728000000001
21.91314,-102.24654
21.86551,-102.29964
21.880020000000002,-102.29457
21.89386,-102.28934
21.90178,-102.2884
21.87425,-102.25543
21.90955,-102.31738
21.858079999999998,-102.29298
21.87816,-102.2948
21.84467,-102.29375
21.92735,-102.26633000000001
21.91498,-102.31891
21.85418,-102.25669
21.86686,-102.27703000000001
21.8513,-102.26929
21.88393,-102.27447
21.863970000000002,-102.29869000000001
21.91568,-102.29746999999999
21.929389999999998,-102.26145
21.91558,-102.25523000000001
21.878,-102.31814
21.86257,-102.28272
21.87361,-102.27356999999999
21.893629999999998,-102.25356
21.87656,-102.31128000000001
21.873920000000002,-102.30055
21.84157,-102.29649
21.89607,-102.24819000000001
21.89404,-102.31193
21.878429999999998,-102.27816
21.920560000000002,-102.26162
21.83023,-102.2937
21.90953,-102.25824
21.89404,-102.31193
21.8794,-102.33529
21.80527,-102.27024
21.87595,-102.30512
21.87175,-102.24518
21.85912,-102.26943
21.89935,-102.29724
21.88368,-102.29077
21.87807,-102.27152
21.834789999999998,-102.28908
21.87774,-102.29895
21.92735,-102.26633000000001
21.88713,-102.25121999999999
21.92474,-102.30481999999999
21.84645,-102.25473000000001
21.89935,-102.29724
21.88162,-102.24905
21.85588,-102.29966999999999
21.86466,-102.23545
21.84478,-102.29077
21.846529999999998,-102.29103
21.86851,-102.2442
21.842779999999998,-102.28024
21.88609,-102.31728000000001
21.8934,-102.36721999999999
21.91544,-102.29196999999999
21.84391,-102.3127
21.91725,-102.24846
21.89469,-102.26751999999999
21.85984,-102.25818000000001
21.91265,-102.29209
21.845270000000003,-102.30151
21.87538,-102.28459000000001
21.86816,-102.29466
21.88609,-102.31728000000001
21.89868,-102.27887
21.8958,-102.28641
21.90546,-102.24299
21.901770000000003,-102.25447
21.87218,-102.29304
21.922929999999997,-102.29166
21.91544,-102.29196999999999
21.92735,-102.26633000000001
21.80087,-102.27643
21.86364,-102.29675
21.85984,-102.25818000000001
21.80711,-102.292
21.88547,-102.31245
21.86188,-102.3028
21.87421,-102.31845
21.92515,-102.29807
21.9467,-102.25780999999999
21.89968,-102.29595
21.92427,-102.31298000000001
21.89736,-102.30032
21.87922,-102.29943
21.92006,-102.29773
21.867739999999998,-102.24453000000001
21.89825,-102.32034
21.88905,-102.29411999999999
21.87807,-102.27152
21.92705,-102.25805
21.883020000000002,-102.25901
21.87914,-102.29185
21.83142,-102.28853000000001
21.91265,-102.29209
21.88286,-102.29369
21.896179999999998,-102.30872
21.85866,-102.34225
21.85924,-102.29319
21.86591,-102.26743
21.90955,-102.31738
21.90254,-102.2856
21.859560000000002,-102.29884
21.86873,-102.28560999999999
21.86325,-102.31735
21.923170000000002,-102.29794
21.86005,-102.2218
21.88537,-102.22216999999999
21.9272,-102.30502
21.84292,-102.2692
21.90699,-102.257
21.92735,-102.26633000000001
21.89968,-102.29595
21.87933,-102.28904
21.88713,-102.25121999999999
21.8864,-102.30152
21.85877,-102.28962
21.87138,-102.32236999999999
21.85104,-102.30739
21.93485,-102.27255
21.85782,-102.2949
21.86816,-102.29466
21.85987,-102.25981999999999
21.87282,-102.27071
21.87371,-102.33373
21.859029999999997,-102.26156
21.92515,-102.29807
21.888479999999998,-102.31694
21.91333,-102.26071
21.92332,-102.26921999999999
21.85998,-102.26941
21.87282,-102.27071
21.864420000000003,-102.26935
21.89098,-102.26321
21.88609,-102.31728000000001
21.84851,-102.29454
21.875510000000002,-102.29265
21.88289,-102.28034
21.860129999999998,-102.24953000000001
21.8628,-102.33073
21.90955,-102.31738
21.89943,-102.27071
21.86553,-102.24646
21.9028,-102.27019
21.863229999999998,-102.28478
21.878410000000002,-102.28134
21.92792,-102.28246999999999
21.916439999999998,-102.31371
21.88547,-102.31245
21.85497,-102.24979
21.893629999999998,-102.25356
21.86979,-102.28187
21.865579999999998,-102.31898000000001
21.90269,-102.3061
21.92505,-102.29956999999999
21.89177,-102.30796
21.84604,-102.24999
21.89098,-102.26321
21.92533,-102.29486999999999
21.91743,-102.24547
21.879920000000002,-102.28184
21.89639,-102.31706
21.88609,-102.31728000000001
21.89258,-102.2938
21.89106,-102.27448000000001
21.89116,-102.31254
21.88547,-102.31245
21.92515,-102.29807
21.899820000000002,-102.28149
21.89968,-102.29595
21.92735,-102.26633000000001
21.87128,-102.31325
21.87211,-102.29514
21.86632,-102.2843
21.87785,-102.26738
21.90523,-102.26254
21.84467,-102.29375
21.86288,-102.23472
21.91498,-102.31891
21.88609,-102.31728000000001
21.90332,-102.30116
21.92971,-102.30848
21.84995,-102.31016
21.84292,-102.2692
21.86561,-102.29562
21.88739,-102.28795
21.84011,-102.29734
21.85353,-102.26366
21.87714,-102.30118
21.93832,-102.29098
21.81628,-102.18457
21.70785,-102.37377
21.8661,-102.29828
21.879579999999997,-102.24826999999999
21.87425,-102.25543
21.88715,-102.29822
21.88961,-102.27346999999999
21.879279999999998,-102.2497
21.80785,-102.27396999999999
21.87425,-102.25543
21.88717,-102.24301
21.860020000000002,-102.27429000000001
21.922629999999998,-102.24174000000001
21.86636,-102.28384
21.876720000000002,-102.31546
21.87807,-102.27152
21.9096,-102.32003
21.916999999999998,-102.26191999999999
21.878410000000002,-102.28134
21.873620000000003,-102.27083
21.8498,-102.31636999999999
21.87858,-102.28112
21.89282,-102.26467
21.89872,-102.27489
21.9143,-102.24805
21.93485,-102.27255
21.879070000000002,-102.29297
21.91568,-102.29746999999999
21.89547,-102.28752
21.8448,-102.29726
21.87774,-102.29895
21.869870000000002,-102.29495
21.91777,-102.26204
21.90768,-102.28627
21.84329,-102.32303
21.92276,-102.26222
21.90851,-102.3031
21.87425,-102.25543
21.84845,-102.34223
21.91522,-102.28652
21.86078,-102.33913000000001
21.860770000000002,-102.33914
21.84845,-102.34223
21.84256,-102.31899
21.86553,-102.24646
21.85344,-102.32302
21.93938,-102.26678000000001
21.86489,-102.28244000000001
21.8772,-102.31219
21.88061,-102.29765
21.867079999999998,-102.32112
21.86351,-102.2477
21.86669,-102.30176
21.86802,-102.31815999999999
21.87129,-102.23456999999999
21.84755,-102.24965
21.93102,-102.29817
21.912470000000003,-102.26039
21.89497,-102.29935
21.87346,-102.24589
21.91611,-102.30793
21.894289999999998,-102.31022
21.86615,-102.2861
21.85405,-102.3125
21.92972,-102.26288000000001
21.86636,-102.28384
21.92071,-102.29174
21.86615,-102.2861
21.871570000000002,-102.31865
21.88477,-102.31754000000001
21.89943,-102.27071
21.914260000000002,-102.24578000000001
21.916999999999998,-102.26191999999999
21.893629999999998,-102.25356
21.8863,-102.29715999999999
21.89486,-102.28968
21.84401,-102.26276999999999
21.83754,-102.29975999999999
21.90269,-102.25492
21.878429999999998,-102.27816
21.85674,-102.26942
21.85241,-102.29203000000001
21.90955,-102.31738
21.90955,-102.31738
21.86616,-102.27847
21.87895,-102.29375
21.93396,-102.30529
21.80849,-102.29301
21.91499,-102.3189
21.91485,-102.27813
21.85118,-102.27197
21.83032,-102.29369
21.897470000000002,-102.3126
21.927310000000002,-102.24674
21.86981,-102.26926
21.858079999999998,-102.29298
21.84444,-102.25391
21.84292,-102.2692
21.85241,-102.29203000000001
21.71088,-102.37383
21.90117,-102.1781
21.9272,-102.30502
21.87807,-102.27152
21.8418,-102.29025
21.93646,-102.2561
21.89736,-102.30032
21.915570000000002,-102.31860999999999
21.93161,-102.26056
21.88371,-102.26943
21.871570000000002,-102.31865
21.901770000000003,-102.31551
21.89475,-102.28419
21.87421,-102.31845
21.93311,-102.25424
21.84384,-102.24738
21.89915,-102.2959
21.92936,-102.26836999999999
22.00086,-102.19677
21.85782,-102.2949
21.87835,-102.27667
21.8737,-102.30433000000001
21.86966,-102.27011
21.84401,-102.26276999999999
21.90343,-102.29998
21.8734,-102.33261999999999
21.87009,-102.24444
21.909489999999998,-102.2592
21.860020000000002,-102.27474000000001
21.85417,-102.31949
21.87867,-102.29495
21.87598,-102.27121
21.91544,-102.29196999999999
21.84582,-102.2481
21.858829999999998,-102.29311
21.87579,-102.26337
21.92735,-102.26633000000001
21.87566,-102.30829
21.94135,-102.25835
21.85918,-102.314
21.85684,-102.3211
21.91544,-102.29196999999999
21.855339999999998,-102.30099
21.85098,-102.31186
21.90454,-102.26475
21.91067,-102.25981
21.88203,-102.23265
21.84991,-102.27334
21.92005,-102.31524
21.91568,-102.29746999999999
21.91568,-102.29746999999999
21.85829,-102.28281
21.871570000000002,-102.31865
21.90196,-102.28317
21.93226,-102.33205
21.91175,-102.24283
21.84972,-102.29969
21.890929999999997,-102.23994
21.83182,-102.31399
21.88178,-102.22966
21.91039,-102.25355
21.863310000000002,-102.24583
21.88148,-102.24280999999999
21.91499,-102.3189
21.92986,-102.25575
21.882460000000002,-102.36673
21.87807,-102.27152
21.86802,-102.31815999999999
21.84467,-102.29375
21.84998,-102.2533
21.84938,-102.31376999999999
21.86273,-102.29933
21.91739,-102.33364
21.91341,-102.23855
21.89331,-102.2538
21.92482,-102.33797
21.87138,-102.32236999999999
21.82603,-102.2874
21.84853,-102.28123000000001
21.8452,-102.26925
21.88093,-102.23555999999999
21.90254,-102.2856
21.87523,-102.31837
21.86676,-102.25695999999999
21.92468,-102.3059
21.83663,-102.28014
21.89948,-102.30587
21.9079,-102.30327
21.867929999999998,-102.30888
21.89389,-102.27673
21.86979,-102.28187
21.84999,-102.26653
21.88869,-102.27613000000001
21.858079999999998,-102.29298
21.897289999999998,-102.30468
21.90254,-102.2856
21.89568,-102.30575
21.91265,-102.29209
21.84853,-102.29393
21.84467,-102.29375
21.86536,-102.31038000000001
21.87218,-102.29428
21.81934,-102.27343
21.89968,-102.29595
21.906879999999997,-102.32795
21.87592,-102.2489
21.89561,-102.30048000000001
21.86765,-102.26977
21.87895,-102.29375
21.9156,-102.29535
21.85928,-102.24547
21.93638,-102.24688
21.88804,-102.26165999999999
21.884179999999997,-102.27256
21.88178,-102.22966
21.85911,-102.26888000000001
21.860670000000002,-102.3167
21.88264,-102.28229
21.87924,-102.29033000000001
21.92813,-102.26326
21.88526,-102.29156
21.883020000000002,-102.25901
21.92615,-102.24888
21.88999,-102.29511
21.871570000000002,-102.31865
21.88105,-102.27208
21.876739999999998,-102.25621
21.8755,-102.24668
21.934910000000002,-102.32378
21.87354,-102.30073
21.884710000000002,-102.29881999999999
21.87346,-102.24589
21.85642,-102.25237
21.90546,-102.24299
21.90315,-102.25515
21.9031,-102.27271999999999
21.86976,-102.28445
21.88253,-102.28617
21.90699,-102.257
21.8964,-102.29558
21.91564,-102.29697
21.88491,-102.30726
21.88881,-102.27413
21.85984,-102.25818000000001
21.88804,-102.26165999999999
21.88874,-102.21676
21.88874,-102.21676
21.85686,-102.30971
21.87914,-102.29185
21.85304,-102.35410999999999
21.93139,-102.26016
21.87675,-102.31823
21.87893,-102.28434
21.84478,-102.29077
21.9028,-102.27019
21.86536,-102.31038000000001
21.88501,-102.26755
21.86538,-102.2942
21.87668,-102.34517
21.92217,-102.27769
21.862289999999998,-102.28366
21.84657,-102.29387
21.87978,-102.29738
21.92735,-102.26633000000001
21.91239,-102.25201
21.86068,-102.3009
21.878410000000002,-102.28134
21.85753,-102.30018000000001
21.89498,-102.2968
21.94057,-102.24766
21.91505,-102.28246999999999
21.877760000000002,-102.26643
21.82559,-102.2689
21.8591,-102.26839
21.8661,-102.29828
21.88446,-102.29117
21.86615,-102.2861
21.88601,-102.25076999999999
21.898410000000002,-102.30064
21.850170000000002,-102.31616
21.86746,-102.23648
21.8754,-102.32106
21.92406,-102.31586
21.8418,-102.29025
21.898000000000003,-102.27949
21.90833,-102.26648
21.88523,-102.24804
21.844820000000002,-102.25258000000001
21.80527,-102.27024
21.80711,-102.292
21.922929999999997,-102.29166
21.8827,-102.26774
21.90253,-102.31636999999999
21.84521,-102.30826
21.84329,-102.32303
21.89325,-102.29521
21.94239,-102.28112
21.87933,-102.28904
21.90363,-102.26758000000001
21.86001,-102.27525
21.85353,-102.26366
21.88609,-102.31728000000001
21.883129999999998,-102.27891
21.84765,-102.30719
21.90126,-102.28262
21.88547,-102.31245
21.8661,-102.29828
21.86515,-102.23485
21.86515,-102.23485
21.88609,-102.31728000000001
21.87371,-102.33373
21.91544,-102.29196999999999
21.864639999999998,-102.29857
21.87425,-102.25543
21.884120000000003,-102.29741999999999
21.90254,-102.2856
21.88249,-102.30548
21.93884,-102.28045
21.87291,-102.26257
21.90894,-102.25994
21.825,-102.28208000000001
21.84478,-102.29675
21.91603,-102.30593
21.84467,-102.29375
21.94121,-102.29083
21.93592,-102.28618
21.85279,-102.24651999999999
21.85728,-102.27096999999999
21.93364,-102.26428
21.91544,-102.29196999999999
21.86498,-102.31062
21.897920000000003,-102.29824
21.87895,-102.29375
21.88609,-102.31728000000001
21.90062,-102.29263
21.90604,-102.26002
21.85323,-102.25513000000001
21.84974,-102.29401
21.88598,-102.29847
21.886120000000002,-102.31246
21.88705,-102.29772
21.85268,-102.32386
21.87845,-102.29593
21.89481,-102.2458
21.85729,-102.24647
21.87281,-102.31591
21.84478,-102.29077
21.87009,-102.24444
21.8601,-102.27911
21.91231,-102.26096
21.8622,-102.31225
21.882460000000002,-102.2723
21.886789999999998,-102.27301
21.90727,-102.29679
21.91499,-102.28101
21.91016,-102.2596
21.92879,-102.25795
21.871570000000002,-102.31865
21.90522,-102.25159000000001
21.85998,-102.26941
21.88539,-102.30218
21.90356,-102.29809
21.911939999999998,-102.31194
21.86382,-102.31744
21.84391,-102.3127
21.87216,-102.28733000000001
21.8661,-102.29828
21.9087,-102.27259000000001
21.897289999999998,-102.30468
21.8745,-102.3108
21.85195,-102.34223
21.93604,-102.2613
21.91413,-102.29391
21.93352,-102.2559
21.85998,-102.26941
21.90954,-102.31837
21.859,-102.25923
21.89968,-102.29595
21.84478,-102.29077
21.88958,-102.24825
21.90904,-102.2588
21.83782,-102.28505
21.883979999999998,-102.28335
21.83253,-102.28871
21.912470000000003,-102.26039
21.86007,-102.27812
21.86587,-102.37165
21.846510000000002,-102.28088000000001
21.840220000000002,-102.29907
21.93078,-102.25905
21.84277,-102.30506
21.88501,-102.26755
21.9354,-102.2911
21.89076,-102.25282
21.87282,-102.27071
21.85965,-102.30224
21.88259,-102.28429
21.91499,-102.3189
21.8995,-102.25352
21.840889999999998,-102.29009
21.90077,-102.2769
21.85181,-102.29414
21.88178,-102.22966
21.85962,-102.20787
21.86691,-102.30294
21.87424,-102.24359
21.86395,-102.33479
21.85782,-102.2949
21.88158,-102.27978
21.87505,-102.23897
21.94564,-102.25701
21.88018,-102.29204
21.88063,-102.31792
21.822,-102.18629
21.84521,-102.30826
21.86636,-102.28384
21.920560000000002,-102.26162
21.88178,-102.22966
21.88573,-102.31474
21.87425,-102.25543
21.90768,-102.28627
21.845579999999998,-102.30393000000001
21.86214,-102.2997
21.84292,-102.2692
21.85902,-102.28838
21.864179999999998,-102.31109000000001
21.93296,-102.32243000000001
21.87536,-102.25576
21.87346,-102.24589
21.893629999999998,-102.25356
21.87298,-102.31513000000001
21.90699,-102.257
21.9074,-102.29473
21.88515,-102.30969
21.8663,-102.25299
21.84467,-102.29375
21.883020000000002,-102.25901
21.84845,-102.34223
21.916439999999998,-102.31371
21.90437,-102.24619
21.90276,-102.30765
21.901770000000003,-102.25447
21.87246,-102.22901999999999
21.936770000000003,-102.27409
21.867929999999998,-102.30888
21.856679999999997,-102.29275
21.87029,-102.25423
21.89868,-102.27887
21.93364,-102.26428
21.88308,-102.29693
21.89409,-102.31004
21.86869,-102.24667
21.85377,-102.2584
21.914260000000002,-102.29203000000001
21.84521,-102.30826
21.8852,-102.31017
21.85377,-102.2584
21.87845,-102.29593
21.871679999999998,-102.31203000000001
21.88961,-102.27346999999999
21.86257,-102.28272
21.84329,-102.32303
21.86691,-102.30294
21.924429999999997,-102.3103
21.87895,-102.29375
21.87896,-102.33449
21.86538,-102.2942
21.87651,-102.24709
21.92782,-102.26548000000001
21.845670000000002,-102.28645
21.85353,-102.26366
21.865820000000003,-102.23205
21.85604,-102.24911
21.88063,-102.31792
21.84279,-102.32033
21.89876,-102.32369
21.859560000000002,-102.29884
21.87358,-102.28163
21.80711,-102.292
21.90991,-102.25583
21.90699,-102.257
21.925279999999997,-102.27891
21.93485,-102.27255
21.92547,-102.29239
21.88609,-102.31728000000001
21.867739999999998,-102.24453000000001
21.86703,-102.25318
21.89469,-102.26751999999999
21.844820000000002,-102.25258000000001
21.884179999999997,-102.27256
21.88104,-102.24408000000001
21.93246,-102.26395
21.85215,-102.26931
21.876829999999998,-102.24615
21.88375,-102.30926
21.9235,-102.28487
21.93581,-102.29738
21.88759,-102.24991999999999
21.93931,-102.24908
21.91611,-102.30793
21.87651,-102.24709
21.90979,-102.27063000000001
21.913529999999998,-102.30359
21.84971,-102.26035
21.90699,-102.257
21.869310000000002,-102.24214
21.89039,-102.21269000000001
21.87272,-102.31662
21.84412,-102.26241
21.86946,-102.31437
21.758689999999998,-102.23031
21.71604,-102.33174
21.75066,-102.24269
21.94881,-102.19165
21.844820000000002,-102.25258000000001
21.84027,-102.28998
21.85013,-102.29401999999999
21.913120000000003,-102.2749
21.86497,-102.25259
21.90254,-102.2856
21.84853,-102.28123000000001
21.89215,-102.27535999999999
21.925810000000002,-102.2503
21.892129999999998,-102.31700000000001
21.90155,-102.29621999999999
21.90375,-102.25945
21.85493,-102.26937
21.88178,-102.22966
21.88609,-102.31728000000001
21.85608,-102.28118
21.846510000000002,-102.28088000000001
21.852729999999998,-102.26934
21.87807,-102.27152
21.9087,-102.27259000000001
21.90254,-102.2856
21.884179999999997,-102.27256
21.88063,-102.31792
21.88008,-102.29642
21.85838,-102.34366999999999
21.90162,-102.31024000000001
21.88225,-102.22915
21.86382,-102.31744
21.92983,-102.26873
21.9031,-102.27271999999999
21.91568,-102.29746999999999
21.890970000000003,-102.27441
21.9302,-102.258
21.88812,-102.25166999999999
21.87291,-102.26801
21.81736,-102.26196
21.897489999999998,-102.2575
21.86356,-102.2939
21.89967,-102.31115
21.91496,-102.28018
21.87029,-102.25423
21.86253,-102.2694
21.93884,-102.28045
21.84965,-102.30111
21.89449,-102.26674
21.91499,-102.3189
21.85166,-102.31822
21.90276,-102.30765
21.86538,-102.2942
21.878410000000002,-102.28134
21.91489,-102.27866
21.87369,-102.3185
21.906370000000003,-102.28990999999999
21.87145,-102.23966999999999
21.85419,-102.3171
21.87914,-102.29185
21.90765,-102.25622
21.86536,-102.23543000000001
21.85918,-102.314
21.89344,-102.2412
21.89112,-102.25316
21.89094,-102.3072
21.936220000000002,-102.32441
21.87645,-102.2541
21.872429999999998,-102.2707
21.84467,-102.29375
21.87085,-102.24212
21.88518,-102.27998000000001
21.90783,-102.31004
21.91489,-102.27866
21.87845,-102.29593
21.884970000000003,-102.30017
21.867739999999998,-102.24453000000001
21.851129999999998,-102.24596
21.82317,-102.26691
21.90699,-102.257
21.87545,-102.26219
21.9095,-102.25405
21.9326,-102.26491999999999
21.8519,-102.34170999999999
21.889039999999998,-102.23995
21.87371,-102.33373
21.91498,-102.31891
21.88119,-102.33861
21.84478,-102.29077
21.864279999999997,-102.23443
21.90423,-102.25568
21.903679999999998,-102.24828000000001
21.88971,-102.31691
21.856170000000002,-102.20774
21.88777,-102.28375
21.91871,-102.30814000000001
21.86948,-102.32536
21.87425,-102.25543
21.9062,-102.24801
21.86654,-102.28198
21.88901,-102.26216
21.86177,-102.30738000000001
21.90254,-102.2856
21.912110000000002,-102.23881
21.84974,-102.29401
21.87424,-102.24359
21.90829,-102.26598
21.88824,-102.27323
21.89702,-102.26011
21.85918,-102.314
21.904339999999998,-102.28133000000001
21.86899,-102.27459
21.87438,-102.31604
21.88598,-102.29847
21.86975,-102.24843
21.90744,-102.28645
21.84292,-102.2692
21.8772,-102.31219
21.892879999999998,-102.27592
21.883020000000002,-102.25901
21.88025,-102.27259000000001
21.851470000000003,-102.30185
21.90096,-102.27701
21.92166,-102.2917
21.84552,-102.29088
21.91443,-102.25126
21.85998,-102.26941
21.9255,-102.29154
21.90908,-102.32004
21.89068,-102.30999
21.925420000000003,-102.26405
21.90077,-102.2769
21.879279999999998,-102.2497
21.87867,-102.29495
21.84875,-102.26406999999999
21.8541,-102.24939
21.87022,-102.24928
21.85509,-102.29249
21.92574,-102.26185
21.86001,-102.27173
21.84037,-102.25435
21.84845,-102.34223
21.85238,-102.29418000000001
21.855729999999998,-102.22018
21.87451,-102.27672
21.90587,-102.24906999999999
21.9302,-102.258
21.90533,-102.24322
21.834789999999998,-102.28908
21.88785,-102.27471
21.884510000000002,-102.29782
21.85912,-102.26943
21.87668,-102.25619
21.889770000000002,-102.31249
21.887320000000003,-102.25131
21.8551,-102.29249
21.88268,-102.27234
21.873089999999998,-102.29505999999999
21.92654,-102.31664
21.899420000000003,-102.31557
21.851110000000002,-102.31845
21.86351,-102.2477
21.886789999999998,-102.27301
21.89872,-102.27489
21.84671,-102.30694
21.87231,-102.24280999999999
21.90072,-102.25914
21.85312,-102.2653
21.88393,-102.27447
21.88843,-102.21944
21.927329999999998,-102.25111
21.8513,-102.26929
21.93231,-102.24954
21.908929999999998,-102.29225
21.937179999999998,-102.26338
21.92622,-102.28265
21.84765,-102.30719
21.883129999999998,-102.27891
21.89922,-102.27095
21.87465,-102.31025
21.844,-102.25823000000001
21.85355,-102.30478000000001
21.849610000000002,-102.25194
21.89226,-102.2715
21.903679999999998,-102.24828000000001
21.918129999999998,-102.24498
21.902479999999997,-102.28069
21.87835,-102.27667
21.87119,-102.31962
21.90103,-102.24553
21.915589999999998,-102.29509
21.91522,-102.28652
21.83253,-102.28871
21.872410000000002,-102.31859
21.87903,-102.31806
21.873920000000002,-102.30055
21.88961,-102.28236
21.844820000000002,-102.25258000000001
21.88731,-102.26127
21.858079999999998,-102.29298
21.797929999999997,-102.26184
21.797629999999998,-102.24278000000001
21.88066,-102.31241
21.88063,-102.31792
21.86587,-102.37165
21.87632,-102.31827
21.92427,-102.31298000000001
21.82092,-102.27096
21.931160000000002,-102.29244
21.889770000000002,-102.31249
21.9202,-102.29176
21.907970000000002,-102.2923
21.91491,-102.27918000000001
21.82359,-102.26743
21.88084,-102.24468
21.859560000000002,-102.29884
21.915860000000002,-102.30187
21.859679999999997,-102.24576
21.883129999999998,-102.27891
21.9349,-102.29113000000001
21.854329999999997,-102.26034
21.883760000000002,-102.2369
21.90325,-102.25831
21.860020000000002,-102.27553
21.86654,-102.28198
21.858079999999998,-102.29298
21.84226,-102.2823
21.89165,-102.31884000000001
21.88239,-102.31774
21.88713,-102.25121999999999
21.815179999999998,-102.29308
21.907870000000003,-102.25771
21.850189999999998,-102.25758
21.85918,-102.314
21.858079999999998,-102.29298
21.90955,-102.31738
21.88289,-102.29746
21.90164,-102.25515
21.85416,-102.28215
21.90253,-102.31636999999999
21.90254,-102.2856
21.91498,-102.31891
21.84401,-102.26276999999999
21.91476,-102.27673
21.883129999999998,-102.27891
21.85016,-102.25963
21.87346,-102.24589
21.882839999999998,-102.28066
21.9159,-102.2366
21.86158,-102.23806
21.93003,-102.25763
21.85951,-102.31381999999999
21.8682,-102.3045
21.92765,-102.31916
21.86188,-102.33802
21.88961,-102.27346999999999
21.856579999999997,-102.31555
21.87651,-102.24709
21.87623,-102.2493
21.87015,-102.24181
21.852870000000003,-102.32647
21.867520000000003,-102.30645
21.86514,-102.24681
21.91623,-102.30991999999999
21.942520000000002,-102.25661
21.84998,-102.26137
21.888479999999998,-102.31694
21.858079999999998,-102.29298
21.89078,-102.29435
21.846510000000002,-102.28088000000001
21.888679999999997,-102.31694
21.92735,-102.26633000000001
21.8541,-102.26735
21.892879999999998,-102.33989
21.89187,-102.29700000000001
21.89968,-102.29595
21.866329999999998,-102.31331
21.848489999999998,-102.25485
21.85424,-102.31397
21.90835,-102.26446
21.8797,-102.30499
21.860670000000002,-102.3167
21.84845,-102.34223
21.84467,-102.29375
21.896539999999998,-102.30741
21.831429999999997,-102.33027
21.85853,-102.30614
21.896279999999997,-102.26545
21.85624,-102.25279
21.883129999999998,-102.27891
21.883020000000002,-102.25901
21.86802,-102.31815999999999
21.88869,-102.24701999999999
21.85918,-102.28764
21.889689999999998,-102.30454
21.853620000000003,-102.26935999999999
21.8831,-102.27816
21.91568,-102.29746999999999
21.87807,-102.27152
21.86126,-102.30027
21.88737,-102.25448
21.9313,-102.26576
21.898410000000002,-102.30064
21.8049,-102.27283
21.867739999999998,-102.24453000000001
21.9098,-102.32887
21.89428,-102.20406
21.79354,-102.23829
21.936989999999998,-102.25493
21.8991,-102.2981
21.86792,-102.32794
21.886789999999998,-102.27301
21.90456,-102.24518
21.895139999999998,-102.31098
21.85543,-102.33962
21.88547,-102.31245
21.92435,-102.31753
21.91499,-102.28101
21.83691,-102.29353
21.89629,-102.28455
21.869889999999998,-102.29748000000001
21.89234,-102.27549
21.87714,-102.30118
21.870810000000002,-102.2951
21.883129999999998,-102.27891
21.88533,-102.29143
21.89396,-102.3192
21.860139999999998,-102.25548
21.92972,-102.26288000000001
21.86221,-102.2491
21.88899,-102.32091
21.899820000000002,-102.28149
21.9028,-102.27019
21.9087,-102.27259000000001
21.90936,-102.2795
21.80586,-102.26326999999999
21.86726,-102.27796
21.91747,-102.25459000000001
21.85016,-102.25223000000001
21.91498,-102.31891
21.879579999999997,-102.24826999999999
21.92438,-102.31118000000001
21.87517,-102.28943000000001
21.9087,-102.27259000000001
21.80711,-102.292
21.873620000000003,-102.27083
21.84845,-102.34223
21.9074,-102.29473
21.91568,-102.29746999999999
21.8434,-102.26472
21.92515,-102.24519000000001
21.8717,-102.31115
21.91239,-102.25201
21.92314,-102.29165
21.940520000000003,-102.24639
21.85894,-102.25618
21.88804,-102.26165999999999
21.87908,-102.35425
21.90254,-102.2856
21.920560000000002,-102.26162
21.8507,-102.26933000000001
21.83185,-102.29359000000001
21.86936,-102.31044
21.851770000000002,-102.25032
21.897289999999998,-102.30468
21.87651,-102.24709
21.80857,-102.27606
21.85276,-102.27983
21.92374,-102.33461
21.85304,-102.35410999999999
21.849320000000002,-102.3166
21.90345,-102.26812
21.91307,-102.26290999999999
21.84532,-102.28874
21.84114,-102.19049
21.88767,-102.3009
21.8917,-102.29293
21.85262,-102.30700999999999
21.83253,-102.28871
21.86636,-102.28384
21.88239,-102.31774
21.91499,-102.28101
21.879579999999997,-102.24826999999999
21.91282,-102.2459
21.90699,-102.257
21.92526,-102.26103
21.89088,-102.25658
21.87754,-102.31549
21.89968,-102.29595
21.90178,-102.2884
21.92328,-102.33728
21.88066,-102.31241
21.92469,-102.26785
21.89313,-102.26437
21.91499,-102.28101
21.85419,-102.3171
21.86003,-102.27289
21.883129999999998,-102.27891
21.93522,-102.26563
21.88609,-102.31728000000001
21.92826,-102.23732
21.845670000000002,-102.28645
21.84805,-102.30166
21.88901,-102.26216
21.9322,-102.27849
21.93222,-102.26727
21.89185,-102.30974
21.84304,-102.26809
21.90437,-102.24619
21.884179999999997,-102.27256
21.897470000000002,-102.30400999999999
21.88906,-102.28201999999999
21.91157,-102.2535
21.85981,-102.3159
21.90679,-102.23959
21.75129,-102.26015
21.770889999999998,-102.35903
21.79908,-102.26748
21.70795,-102.35965999999999
21.93504,-102.22861999999999
21.86532,-102.23737
21.84451,-102.26118000000001
21.85588,-102.31605
21.880029999999998,-102.3015
21.8831,-102.27816
21.84725,-102.30119
21.901529999999998,-102.30696999999999
21.90178,-102.2884
21.88971,-102.31691
21.86802,-102.31815999999999
21.88159,-102.2842
21.92435,-102.31753
21.86222,-102.24409
21.87809,-102.23536
21.8888,-102.28411
21.894820000000003,-102.31706
21.91544,-102.29196999999999
21.91337,-102.27504
21.8948,-102.31283
21.91498,-102.31891
21.866629999999997,-102.29691
21.84143,-102.29425
21.8772,-102.31219
21.898410000000002,-102.30064
21.91929,-102.33455
21.90423,-102.25568
21.87138,-102.30166
21.89238,-102.27552
21.90598,-102.29666999999999
21.89702,-102.26011
21.87621,-102.34347
21.88178,-102.22966
21.88289,-102.24344
21.8802,-102.24658000000001
21.89781,-102.25341999999999
21.845670000000002,-102.28645
21.89325,-102.29521
21.8703,-102.30213
21.93485,-102.27255
21.91597,-102.30388
21.91479,-102.2474
21.86194,-102.24077
21.87265,-102.24845
21.84845,-102.34223
21.90209,-102.28551
21.88968,-102.24575
21.88521,-102.28
21.89031,-102.27669
21.88063,-102.31792
21.89415,-102.27013000000001
21.922629999999998,-102.24174000000001
21.9213,-102.33615
21.89968,-102.29595
21.90781,-102.30412
21.8791,-102.28598000000001
21.87073,-102.25433000000001
21.92703,-102.29146999999999
21.88314,-102.25618
21.8578,-102.31473000000001
21.85405,-102.26935
21.899829999999998,-102.29543000000001
21.860670000000002,-102.3167
21.87453,-102.24275
21.91324,-102.29725
21.85215,-102.26931
21.92474,-102.30481999999999
21.925420000000003,-102.26405
21.88393,-102.27447
21.925420000000003,-102.26405
21.88839,-102.31248000000001
21.84552,-102.26281999999999
21.9322,-102.27849
21.883129999999998,-102.27891
21.90822,-102.24594
21.86381,-102.29228
21.85136,-102.24834
21.93542,-102.27304000000001
21.86802,-102.31815999999999
21.885479999999998,-102.27278000000001
21.87744,-102.34747
21.84001,-102.32517
21.86188,-102.3028
21.9242,-102.24351
21.855539999999998,-102.25544000000001
21.901770000000003,-102.25447
21.86178,-102.31546999999999
21.91157,-102.2535
21.90955,-102.31738
21.858079999999998,-102.29298
21.88403,-102.27118
21.864810000000002,-102.32016
21.84853,-102.29393
21.8831,-102.27816
21.92977,-102.25483
21.87714,-102.30118
21.88148,-102.24280999999999
21.87138,-102.32236999999999
21.82222,-102.266
21.91777,-102.26204
21.86395,-102.33479
21.89968,-102.29595
21.9028,-102.27019
21.93887,-102.26467
21.89532,-102.27006
21.91489,-102.27866
21.86691,-102.30294
21.86146,-102.24882
21.90308,-102.27223000000001
21.88971,-102.31691
21.853360000000002,-102.26007
21.86159,-102.26943
21.903679999999998,-102.24828000000001
21.91208,-102.27898
21.92435,-102.31753
21.909689999999998,-102.23826
21.9255,-102.29154
21.86654,-102.28198
21.9289,-102.26796999999999
21.883129999999998,-102.27891
21.84981,-102.2506
21.825979999999998,-102.28528
21.86466,-102.23545
21.89524,-102.30792
21.86587,-102.29706999999999
21.87175,-102.24518
21.89943,-102.27071
21.84962,-102.30111
21.86934,-102.27355
21.86081,-102.33381999999999
21.93485,-102.27255
21.890629999999998,-102.25496
21.89517,-102.28859
21.87714,-102.30118
21.85998,-102.26941
21.88999,-102.30636
21.82559,-102.2689
21.8591,-102.24531
21.898979999999998,-102.29857
21.93485,-102.27255
21.85649,-102.29881999999999
21.872,-102.30558
21.83145,-102.29363000000001
21.88547,-102.31245
21.87789,-102.29575
21.88954,-102.30362
21.8271,-102.18865
21.87005,-102.23564
21.92986,-102.25627
21.87761,-102.29949
21.85451,-102.26746999999999
21.85516,-102.25695999999999
21.87046,-102.24965
21.893629999999998,-102.25356
21.88224,-102.26435
21.89885,-102.31074
21.92515,-102.29807
21.875410000000002,-102.30736999999999
21.87835,-102.27667
21.85353,-102.26366
21.90409,-102.25631
21.89581,-102.29981
21.86786,-102.27798
21.88244,-102.25871
21.85063,-102.29172
21.87946,-102.2973
21.90276,-102.30765
21.87821,-102.29697
21.8319,-102.29302
21.90964,-102.32146
21.845270000000003,-102.30151
21.88801,-102.28153
21.893060000000002,-102.30181999999999
21.914260000000002,-102.29203000000001
21.846510000000002,-102.28088000000001
21.92438,-102.31118000000001
21.83142,-102.28853000000001
21.865920000000003,-102.30192
21.88446,-102.29117
21.85516,-102.25695999999999
21.860139999999998,-102.25548
21.86293,-102.3317
21.901770000000003,-102.25447
21.92759,-102.26065
21.86298,-102.32426
21.90253,-102.31636999999999
21.91544,-102.29196999999999
21.92295,-102.27783000000001
21.897289999999998,-102.30468
21.88339,-102.24972
21.937929999999998,-102.2949
21.85154,-102.3099
21.920070000000003,-102.24333
21.87656,-102.31128000000001
21.92435,-102.31753
21.92558,-102.27878
21.915129999999998,-102.28455
21.854329999999997,-102.26034
21.83349,-102.31260999999999
21.9339,-102.25565
21.88265,-102.29032
21.84292,-102.2692
21.89939,-102.21403000000001
21.85953,-102.34015
21.87893,-102.28434
21.93884,-102.28045
21.84896,-102.2973
21.89023,-102.30135
21.88265,-102.29032
21.91597,-102.30388
21.87369,-102.3185
21.846510000000002,-102.28088000000001
21.884970000000003,-102.30017
21.9292,-102.25289000000001
21.88071,-102.24506
21.86691,-102.30294
21.896729999999998,-102.30675
21.859560000000002,-102.29884
21.89968,-102.29595
21.8591,-102.26839
21.85886,-102.28913
21.88847,-102.28517
21.87138,-102.32236999999999
21.87119,-102.31962
21.8519,-102.34170999999999
21.883129999999998,-102.27891
21.90215,-102.28336
21.91544,-102.29196999999999
21.87425,-102.25543
21.85353,-102.26366
21.90955,-102.31738
21.878429999999998,-102.27816
21.86617,-102.23989
21.85878,-102.29736
21.87298,-102.31513000000001
21.852339999999998,-102.35294
21.92492,-102.24056
21.90082,-102.2476
21.925320000000003,-102.29503000000001
21.933139999999998,-102.29120999999999
21.85116,-102.35385
21.860139999999998,-102.25548
21.91239,-102.25201
21.86111,-102.26942
21.896279999999997,-102.25527
21.850720000000003,-102.30597
21.8716,-102.25157
21.9065,-102.24934
21.89873,-102.18494
21.75105,-102.25779
21.7912,-102.22614
21.886789999999998,-102.29626
21.883129999999998,-102.27891
21.88734,-102.31246999999999
21.86395,-102.33479
21.87789,-102.29575
21.89515,-102.26947
21.90992,-102.33521999999999
21.85918,-102.314
21.85951,-102.31381999999999
21.9049,-102.26364000000001
21.8601,-102.27911
21.882839999999998,-102.28066
21.86712,-102.30413
21.88185,-102.28576
21.8497,-102.24713
21.91621,-102.24639
21.8423,-102.25520999999999
21.88071,-102.2487
21.894820000000003,-102.31706
21.91851,-102.29184000000001
21.925810000000002,-102.2503
21.88842,-102.24773
21.9087,-102.27259000000001
21.86696,-102.25056
21.86561,-102.29562
21.9255,-102.29154
21.8612,-102.31635
21.92299,-102.30075
21.86617,-102.24558
21.855420000000002,-102.34991
21.89167,-102.26408
21.86587,-102.29706999999999
21.88905,-102.29411999999999
21.90409,-102.24391
21.893629999999998,-102.25356
21.85061,-102.26933000000001
21.8519,-102.27034
21.890220000000003,-102.23586999999999
21.8626,-102.31201
21.89676,-102.27107
21.861810000000002,-102.30521
21.86399,-102.23357
21.89412,-102.29222
21.809260000000002,-102.29923000000001
21.89932,-102.32681
21.84967,-102.3405
21.90796,-102.25610999999999
21.870810000000002,-102.2951
21.905520000000003,-102.28964
21.85782,-102.2949
21.878410000000002,-102.28134
21.88618,-102.27345
21.86351,-102.2477
21.87671,-102.24653
21.84845,-102.34223
21.84999,-102.26653
21.86308,-102.30895
21.867810000000002,-102.30814000000001
21.843420000000002,-102.32376
21.925420000000003,-102.26405
21.88193,-102.33593
21.863429999999997,-102.23193
21.85081,-102.31857
21.88812,-102.23866
21.87858,-102.28112
21.86426,-102.30348000000001
21.93996,-102.26039
21.85953,-102.34015
21.87179,-102.33591
21.87904,-102.22591
21.84845,-102.34223
21.860020000000002,-102.27393000000001
21.93485,-102.27255
21.881439999999998,-102.26552
21.86802,-102.31815999999999
21.897289999999998,-102.30468
21.92771,-102.25142
21.86885,-102.29771
21.88097,-102.25314
21.92791,-102.31036
21.8814,-102.33267
21.90953,-102.25824
21.93575,-102.27331
21.9087,-102.27259000000001
21.89147,-102.28619
21.87858,-102.28112
21.88148,-102.24280999999999
21.82559,-102.2689
21.891579999999998,-102.31255999999999
21.864420000000003,-102.29737
21.884179999999997,-102.27256
21.85215,-102.26931
21.91489,-102.27866
21.852339999999998,-102.35294
21.91498,-102.31891
21.87835,-102.27667
21.9087,-102.27259000000001
21.88961,-102.27346999999999
21.88195,-102.36479
21.88968,-102.24429
21.87371,-102.33373
21.856479999999998,-102.20775
21.85924,-102.28737
21.80862,-102.26442
21.90699,-102.257
21.86674,-102.24495999999999
21.883020000000002,-102.25901
21.907339999999998,-102.23898
21.90924,-102.24759
21.84329,-102.32303
21.883129999999998,-102.27891
21.87845,-102.29593
21.90796,-102.25610999999999
21.88402,-102.23281999999999
21.85951,-102.31381999999999
21.855520000000002,-102.2555
21.90979,-102.27063000000001
21.86978,-102.26464
21.87009,-102.24444
21.88179,-102.28990999999999
21.87914,-102.29185
21.88785,-102.32137
21.91603,-102.30593
21.846510000000002,-102.28088000000001
21.867929999999998,-102.30888
21.88018,-102.29204
21.8096,-102.26307
21.926370000000002,-102.2915
21.91498,-102.31891
21.873639999999998,-102.26987
21.92771,-102.25761
21.92821,-102.33935
21.86368,-102.25251999999999
21.884179999999997,-102.27256
21.88991,-102.30578
21.90811,-102.30113
21.921860000000002,-102.26116999999999
21.90759,-102.29032
21.896729999999998,-102.30675
21.91499,-102.3189
21.87645,-102.31213000000001
21.9275,-102.28085
21.834789999999998,-102.28908
21.8513,-102.30100999999999
21.85925,-102.28733000000001
21.86545,-102.31461
21.8882,-102.24671
21.8661,-102.29828
21.913529999999998,-102.30359
21.858079999999998,-102.29298
21.892960000000002,-102.33893
21.926779999999997,-102.26823
21.8722,-102.30131
21.88044,-102.2861
21.87868,-102.30136999999999
21.87226,-102.32061999999999
21.90936,-102.28282
21.91281,-102.29344
21.82666,-102.26611
21.92735,-102.26633000000001
21.915779999999998,-102.29999000000001
21.88029,-102.32545
21.86613,-102.23978000000001
21.90332,-102.30116
21.84751,-102.26161
21.93139,-102.26016
21.90644,-102.25673
21.85951,-102.31381999999999
21.93884,-102.28045
21.85516,-102.25695999999999
21.860139999999998,-102.28278
21.872120000000002,-102.29328000000001
21.84402,-102.32831
21.87231,-102.24280999999999
21.9087,-102.27259000000001
21.90399,-102.26647
21.8513,-102.31446
21.84467,-102.29375
21.85755,-102.35942
21.86003,-102.27289
21.89515,-102.26947
21.93196,-102.26534000000001
21.86561,-102.29562
21.88328,-102.29892
21.848679999999998,-102.25171
21.897920000000003,-102.29824
21.90596,-102.2603
21.907870000000003,-102.25771
21.90417,-102.26593000000001
21.893060000000002,-102.31238
21.88787,-102.24919
21.88795,-102.31694
21.86595,-102.31876
21.9055,-102.26177
21.90925,-102.35821
21.89524,-102.30792
21.89469,-102.26751999999999
21.853939999999998,-102.26196999999999
21.928929999999998,-102.31052
21.84129,-102.28021
21.87807,-102.26071999999999
21.8224,-102.26616
21.86,-102.27077
21.85882,-102.28935
21.8654,-102.24248
21.84555,-102.30374
21.93101,-102.26281
21.879920000000002,-102.28184
21.896729999999998,-102.30675
21.86569,-102.31711999999999
21.88961,-102.24454
21.90072,-102.25914
21.98929,-102.1312
21.8176,-102.18794
21.81257,-102.34277
21.804489999999998,-102.34588000000001
21.80491,-102.34568
21.79371,-102.38635
21.869889999999998,-102.29748000000001
21.89234,-102.27549
21.84292,-102.2692
21.849439999999998,-102.30779
21.83253,-102.28871
21.88769,-102.24741999999999
21.89947,-102.29679
21.898000000000003,-102.27949
21.87847,-102.3181
21.86654,-102.28198
21.91563,-102.25298000000001
21.999760000000002,-102.19852
21.80565,-102.29401
21.93163,-102.26554
21.90344,-102.28894
21.87901,-102.26204
21.858079999999998,-102.29298
21.8499,-102.25186
21.84292,-102.2692
21.912470000000003,-102.26039
21.89005,-102.31071999999999
21.886789999999998,-102.27301
21.90213,-102.25835
21.882839999999998,-102.28066
21.846510000000002,-102.28088000000001
21.91112,-102.25376
21.87908,-102.35425
21.86382,-102.31744
21.8931,-102.30449
21.92624,-102.24157
21.932029999999997,-102.28291999999999
21.895139999999998,-102.31098
21.91183,-102.23899
21.901770000000003,-102.25447
21.85925,-102.28730999999999
21.89416,-102.29952
21.86669,-102.30176
21.91611,-102.30793
21.883020000000002,-102.25901
21.877779999999998,-102.25095999999999
21.92474,-102.30481999999999
21.861829999999998,-102.24462
21.87425,-102.25543
21.87371,-102.33373
21.88482,-102.28278
21.91337,-102.27504
21.91826,-102.31444
21.844070000000002,-102.25494
21.934910000000002,-102.32378
21.86753,-102.23695
21.84391,-102.3127
21.87419,-102.31192
21.87901,-102.26204
21.84329,-102.32303
21.91611,-102.30793
21.85564,-102.34062
21.91239,-102.27944000000001
21.87011,-102.31846
21.881439999999998,-102.26552
21.85228,-102.26878
21.86395,-102.33479
21.85653,-102.26095
21.821460000000002,-102.29406
21.91544,-102.29196999999999
21.858079999999998,-102.29298
21.886789999999998,-102.27301
21.92735,-102.26633000000001
21.86376,-102.2975
21.88804,-102.26165999999999
21.87453,-102.24275
21.83253,-102.28871
21.81736,-102.26196
21.86704,-102.24483000000001
21.89046,-102.25738
21.88609,-102.31728000000001
21.867739999999998,-102.24453000000001
21.883020000000002,-102.25901
21.90811,-102.30113
21.88713,-102.25121999999999
21.86635,-102.27793
21.77375,-102.26275
21.872,-102.30558
21.85373,-102.34093
21.90908,-102.31732
21.8986,-102.29585
21.88018,-102.29204
21.86382,-102.31744
21.927310000000002,-102.24674
21.8448,-102.29726
21.88573,-102.31474
21.867929999999998,-102.30888
21.86979,-102.28187
21.86395,-102.33479
21.86402,-102.29075
21.92315,-102.26812
21.89424,-102.29182
21.925420000000003,-102.26405
21.90727,-102.29679
21.87795,-102.26982
21.8841,-102.24759
21.83679,-102.28486
21.884710000000002,-102.29881999999999
21.916439999999998,-102.31371
21.924670000000003,-102.26334
21.860120000000002,-102.28108
21.87598,-102.27121
21.855729999999998,-102.32369
21.860020000000002,-102.27553
21.84478,-102.29077
21.91611,-102.30793
21.92279,-102.3346
21.92986,-102.25627
21.897289999999998,-102.24681
21.93931,-102.24908
21.91512,-102.24145
21.881510000000002,-102.28031
21.913529999999998,-102.25249000000001
21.86851,-102.2442
21.86964,-102.25752
21.88295,-102.36856
21.91516,-102.3307
21.87255,-102.25305999999999
21.893629999999998,-102.25356
21.87714,-102.30118
21.89412,-102.25891999999999
21.87595,-102.30512
21.87914,-102.29185
21.852970000000003,-102.2635
21.86636,-102.28384
21.86482,-102.23586
21.86647,-102.24515
21.920270000000002,-102.31536
21.91498,-102.31891
21.85051,-102.2917
21.84283,-102.26236
21.884339999999998,-102.26984
21.91106,-102.28219
21.884339999999998,-102.26984
21.8827,-102.26774
21.93161,-102.26056
21.88083,-102.2944
21.91568,-102.29746999999999
21.85894,-102.31136
21.87261,-102.29509
21.92907,-102.25249000000001
21.86026,-102.29243000000001
21.85419,-102.3171
21.92973,-102.32021999999999
21.85951,-102.31381999999999
21.879579999999997,-102.24826999999999
21.87714,-102.30118
21.885679999999997,-102.27127
21.93606,-102.24840999999999
21.860129999999998,-102.28158
21.9255,-102.29154
21.91743,-102.24547
21.85453,-102.29623000000001
21.87209,-102.32753000000001
21.936420000000002,-102.28463
21.9338,-102.26698
21.82357,-102.27445
21.867079999999998,-102.24181999999999
21.847720000000002,-102.24906
21.871570000000002,-102.31865
21.88212,-102.29709
21.84478,-102.29077
21.88697,-102.2969
21.87107,-102.29773
21.88063,-102.31792
21.87138,-102.30166
21.89469,-102.26751999999999
21.91544,-102.29196999999999
21.90768,-102.28627
21.86691,-102.30294
21.880370000000003,-102.2321
21.87259,-102.25310999999999
21.91239,-102.25201
21.86964,-102.25752
21.90814,-102.29229000000001
21.87419,-102.31192
21.89486,-102.28968
21.84541,-102.30256
21.90796,-102.25610999999999
21.84991,-102.27334
21.89759,-102.30356
21.92217,-102.31281
21.89497,-102.31704
21.904429999999998,-102.30033
21.87939,-102.24879
21.91496,-102.28018
21.91516,-102.3307
21.86988,-102.23965
21.86979,-102.28187
21.92986,-102.25627
21.86613,-102.23978000000001
21.89412,-102.25891999999999
21.89992,-102.27332
21.855179999999997,-102.30431
21.84521,-102.26925
21.85205,-102.23661
21.864420000000003,-102.26935
21.86351,-102.2477
21.883860000000002,-102.2267
21.85934,-102.28693
21.862479999999998,-102.24826999999999
21.87009,-102.24444
21.84845,-102.34223
21.878410000000002,-102.28134
21.93284,-102.28294
21.86562,-102.30801
21.87876,-102.24797
21.86188,-102.3028
21.867720000000002,-102.3076
21.867720000000002,-102.3076
21.89978,-102.31200000000001
21.85987,-102.25981999999999
21.933970000000002,-102.30561
21.87807,-102.27152
21.85584,-102.28244000000001
21.86291,-102.25482
21.87714,-102.30118
21.8845,-102.2698
21.8513,-102.26929
21.9003,-102.30628
21.84292,-102.2692
21.89987,-102.31912
21.88203,-102.23265
21.93806,-102.29713000000001
21.88521,-102.28
21.88834,-102.26103
21.78397,-102.28303000000001
21.86438,-102.30104
21.85934,-102.28693
21.86188,-102.3028
21.89039,-102.21269000000001
21.924020000000002,-102.26581999999999
21.94153,-102.27882
21.85984,-102.25818000000001
21.87435,-102.24318000000001
21.893810000000002,-102.28576
21.84845,-102.34223
21.9246,-102.30731
21.89098,-102.26321
21.92129,-102.3159
21.90759,-102.29032
21.925420000000003,-102.26405
21.88905,-102.21384
21.93696,-102.26218
21.84887,-102.25469
21.867160000000002,-102.28005
21.888479999999998,-102.31694
21.84163,-102.29733
21.84845,-102.34223
21.88289,-102.24344
21.92989,-102.3203
21.89386,-102.28934
21.820529999999998,-102.26998
21.8695,-102.24418
21.91282,-102.2459
21.87976,-102.25161999999999
21.83931,-102.35467
21.85422,-102.29943
21.9087,-102.27259000000001
21.8791,-102.28598000000001
21.88971,-102.31691
21.80646,-102.27521
21.8611,-102.23992
21.89515,-102.26947
21.79328,-102.22358
21.90425,-102.21261
21.81246,-102.26236999999999
21.809379999999997,-102.34368
21.79849,-102.27675
21.797639999999998,-102.24278000000001
21.85453,-102.25952
21.90759,-102.29233
21.93862,-102.26093
21.88146,-102.23025
21.91499,-102.28101
21.91524,-102.28692
21.90728,-102.25615
21.88039,-102.25235
21.92484,-102.30301
21.85918,-102.314
21.889860000000002,-102.2933
21.89331,-102.2538
21.89325,-102.29521
21.84117,-102.28021
21.88051,-102.29762
21.88609,-102.31728000000001
21.85781,-102.29798000000001
21.89623,-102.30412
21.90744,-102.28645
21.845010000000002,-102.29916
21.877570000000002,-102.31393
21.894029999999997,-102.25795
21.937079999999998,-102.29101
21.828870000000002,-102.28423000000001
21.86376,-102.25251999999999
21.91068,-102.25981
21.860139999999998,-102.28278
21.860139999999998,-102.25548
21.93396,-102.30529
21.89669,-102.31206
21.86414,-102.25607
21.87265,-102.24845
21.89348,-102.28686
21.87807,-102.27152
21.93821,-102.2483
21.87445,-102.31527
21.88855,-102.24291
21.80379,-102.27651999999999
21.852339999999998,-102.35294
21.87138,-102.32236999999999
21.860129999999998,-102.24953000000001
21.8394,-102.28983000000001
21.86294,-102.31730999999999
21.84989,-102.26174
21.897470000000002,-102.30400999999999
21.8956,-102.2946
21.90138,-102.24895
21.85799,-102.3452
21.83659,-102.2691
21.91597,-102.30388
21.91498,-102.31891
21.89464,-102.25764000000001
21.8926,-102.30873000000001
21.86964,-102.25752
21.860139999999998,-102.25548
21.860020000000002,-102.27553
21.885679999999997,-102.27507
21.89249,-102.25354
21.86395,-102.33479
21.89572,-102.24228000000001
21.844520000000003,-102.25265999999999
21.8791,-102.28598000000001
21.86949,-102.2347
21.89772,-102.30311
21.83182,-102.31399
21.858079999999998,-102.29298
21.92476,-102.28095
21.88264,-102.28229
21.84279,-102.28024
21.8831,-102.27816
21.894029999999997,-102.25795
21.92735,-102.26633000000001
21.85419,-102.3171
21.84845,-102.34223
21.881439999999998,-102.26552
21.86347,-102.26939
21.895139999999998,-102.31098
21.859920000000002,-102.26325
21.86436,-102.31752
21.92588,-102.28099
21.91603,-102.30593
21.88713,-102.25121999999999
21.86531,-102.31924000000001
21.84852,-102.29616
21.90962,-102.25929000000001
21.85687,-102.30488000000001
21.86456,-102.30823000000001
21.925420000000003,-102.26405
21.86117,-102.24685
21.86272,-102.29545
21.9087,-102.27259000000001
21.85984,-102.25818000000001
21.85985,-102.25692
21.87231,-102.24280999999999
21.93931,-102.24908
21.91487,-102.31307
21.8791,-102.28598000000001
21.90768,-102.28627
21.92515,-102.29807
21.91544,-102.29196999999999
21.85695,-102.25745
21.90139,-102.25140999999999
21.85876,-102.2701
21.87858,-102.28112
21.90868,-102.29691
21.84852,-102.29727
21.91568,-102.29746999999999
21.91498,-102.31891
21.849729999999997,-102.24972
21.91239,-102.25201
21.924429999999997,-102.3103
21.9055,-102.26177
21.80826,-102.26934
21.87821,-102.29697
21.85004,-102.34046
21.90196,-102.25386
21.886789999999998,-102.27301
21.87418,-102.33154
21.89112,-102.25316
21.89249,-102.25354
21.80769,-102.27564
21.84999,-102.26653
21.9223,-102.29168
21.86236,-102.2324
21.89325,-102.29267
21.914260000000002,-102.29203000000001
21.8622,-102.31225
21.86166,-102.25747
21.848489999999998,-102.25485
21.88842,-102.24773
21.86587,-102.29706999999999
21.88713,-102.25121999999999
21.91568,-102.29746999999999
21.87453,-102.24275
21.86395,-102.33479
21.91489,-102.27866
21.8931,-102.29339
21.90215,-102.28336
21.92657,-102.25065
21.90156,-102.31657
21.85118,-102.27197
21.89968,-102.29595
21.88083,-102.2944
21.8232,-102.19972
21.86003,-102.27289
21.9357,-102.25551
21.90727,-102.29679
21.8578,-102.31473000000001
21.86691,-102.30294
21.85357,-102.33892
21.88533,-102.31398
21.883020000000002,-102.25901
21.855970000000003,-102.34006
21.91522,-102.28652
21.8662,-102.29885999999999
21.91497,-102.31891
21.91544,-102.29196999999999
21.84998,-102.2533
21.87282,-102.27071
21.869410000000002,-102.31215
21.86209,-102.29779
21.91525,-102.28709
21.905520000000003,-102.28964
21.900470000000002,-102.32519
21.91597,-102.30388
21.91522,-102.28652
21.89051,-102.21392
21.856579999999997,-102.31555
21.89225,-102.29858
21.84292,-102.2692
21.85951,-102.31381999999999
21.90046,-102.30568000000001
21.863429999999997,-102.23193
21.9255,-102.29154
21.8612,-102.31635
21.85997,-102.26734
21.86214,-102.2997
21.85996,-102.2664
21.8981,-102.30175
21.881439999999998,-102.26552
21.861639999999998,-102.2739
21.867739999999998,-102.24453000000001
21.91544,-102.29196999999999
21.88609,-102.31728000000001
21.935670000000002,-102.2534
21.909689999999998,-102.23826
21.901529999999998,-102.30696999999999
21.87002,-102.23343
21.883129999999998,-102.27891
21.865460000000002,-102.31772
21.85998,-102.26941
21.90423,-102.25568
21.883020000000002,-102.25901
21.87063,-102.31083000000001
21.924429999999997,-102.3103
21.86909,-102.32037
21.87259,-102.25312
21.85997,-102.26719
21.930979999999998,-102.29129
21.87425,-102.25543
21.90062,-102.29263
21.88188,-102.24189
21.834789999999998,-102.28908
21.891,-102.30261999999999
21.90423,-102.25568
21.87998,-102.23528
21.90699,-102.257
21.8803,-102.29963000000001
21.87908,-102.35425
21.89943,-102.27071
21.93364,-102.26428
21.89935,-102.29724
21.89424,-102.29182
21.9028,-102.27019
21.87029,-102.25423
21.90019,-102.25137
21.873479999999997,-102.23767
21.912020000000002,-102.24701
21.857039999999998,-102.31524
21.88135,-102.29228
21.886789999999998,-102.27301
21.883000000000003,-102.29505999999999
21.930979999999998,-102.29129
21.908820000000002,-102.26094
21.92324,-102.31518
21.87706,-102.24861
21.91489,-102.27866
21.86064,-102.26942
21.858079999999998,-102.29298
21.87359,-102.27675
21.84478,-102.29077
21.9003,-102.30628
21.90699,-102.257
21.8629,-102.25268
21.8775,-102.24805
21.87807,-102.27152
21.83253,-102.28871
21.826629999999998,-102.26767
21.90991,-102.25583
21.86688,-102.25317
21.88365,-102.22717
21.8954,-102.2422
21.84685,-102.27893
21.88533,-102.29143
21.85984,-102.25818000000001
21.853620000000003,-102.26935999999999
21.852729999999998,-102.26694
21.936770000000003,-102.27409
21.936770000000003,-102.27409
21.89396,-102.26567
21.91505,-102.31101
21.87858,-102.28112
21.92225,-102.27454
21.89757,-102.25707
21.8614,-102.3033
21.89019,-102.30393000000001
21.79638,-102.241
21.79466,-102.21717
21.893810000000002,-102.19835
21.79936,-102.26881999999999
21.88491,-102.30726
21.87425,-102.25543
21.852320000000002,-102.2974
21.84809,-102.31501
21.883000000000003,-102.29505999999999
21.81016,-102.26813
21.91611,-102.30793
21.934910000000002,-102.32378
21.9087,-102.27259000000001
21.87956,-102.31239000000001
21.87346,-102.24589
21.858079999999998,-102.29298
21.87371,-102.33373
21.867810000000002,-102.30814000000001
21.86395,-102.33479
21.870810000000002,-102.2951
21.87175,-102.24518
21.83559,-102.26908
21.88264,-102.28229
21.83559,-102.26908
21.89655,-102.29139
21.8464,-102.32043
21.9173,-102.30405
21.86561,-102.29562
21.8049,-102.27283
21.87359,-102.27807
21.884970000000003,-102.30017
21.90598,-102.29666999999999
21.87124,-102.24495
21.858079999999998,-102.29298
21.92882,-102.25124
21.8709,-102.23539
21.883020000000002,-102.25901
21.81525,-102.28576
21.90437,-102.24619
21.90699,-102.257
21.87893,-102.28434
21.916439999999998,-102.31371
21.84289,-102.30674
21.85272,-102.30771
21.860129999999998,-102.28158
21.8999,-102.3061
21.84621,-102.27096999999999
21.85866,-102.34225
21.88821,-102.25647
21.892129999999998,-102.25341999999999
21.88713,-102.25121999999999
21.86979,-102.28187
21.87519,-102.30818000000001
21.884179999999997,-102.27256
21.91544,-102.29196999999999
21.86636,-102.28384
21.86735,-102.23415
21.87419,-102.31192
21.834789999999998,-102.28908
21.84478,-102.29077
21.90504,-102.25605
21.89968,-102.29595
21.865679999999998,-102.23635
21.912329999999997,-102.25564
21.808770000000003,-102.29165
21.91154,-102.25392
21.86538,-102.2942
21.90644,-102.2386
21.844720000000002,-102.29198000000001
21.85296,-102.25635
21.9143,-102.24805
21.91228,-102.25916
21.91499,-102.28101
21.85998,-102.26941
21.86938,-102.31945999999999
21.87138,-102.32236999999999
21.79872,-102.27444
21.88239,-102.31774
21.94443,-102.29059000000001
21.883129999999998,-102.27891
21.89876,-102.27881
21.89819,-102.31222
21.912470000000003,-102.26039
21.95555,-102.27441
21.8663,-102.29947
21.9087,-102.27259000000001
21.90955,-102.31738
21.869310000000002,-102.24214
21.808770000000003,-102.29165
21.84329,-102.32303
21.86498,-102.31062
21.85998,-102.26941
21.93329,-102.27847
21.867739999999998,-102.24453000000001
21.860129999999998,-102.24953000000001
21.91907,-102.2609
21.88295,-102.36856
21.86802,-102.31815999999999
21.86044,-102.24936
21.85419,-102.3171
21.91522,-102.28652
21.87231,-102.24280999999999
21.89249,-102.25354
21.90178,-102.2884
21.9087,-102.27259000000001
21.84401,-102.26276999999999
21.90178,-102.2884
21.90991,-102.25583
21.883129999999998,-102.27891
21.90699,-102.257
21.88295,-102.36856
21.928729999999998,-102.26106999999999
21.86816,-102.23877
21.844520000000003,-102.31045
21.88295,-102.36856
21.88609,-102.31728000000001
21.86538,-102.2942
21.834789999999998,-102.28908
21.84999,-102.26653
21.90077,-102.2769
21.931910000000002,-102.32151999999999
21.82242,-102.27475
21.86064,-102.26942
21.85144,-102.25536
21.82757,-102.26892
21.87265,-102.24845
21.87588,-102.2675
21.9396,-102.27996
21.86401,-102.27504
21.90955,-102.31738
21.88239,-102.31774
21.82559,-102.2689
21.889860000000002,-102.25901999999999
21.92435,-102.31753
21.88834,-102.26103
21.93722,-102.2461
21.870420000000003,-102.24795999999999
21.93765,-102.26342
21.83152,-102.28116999999999
21.85998,-102.26941
21.84788,-102.29392
21.90062,-102.29263
21.8888,-102.28411
21.907329999999998,-102.24359
21.843220000000002,-102.31529
21.88968,-102.24429
21.893629999999998,-102.25356
21.89015,-102.31430999999999
21.845670000000002,-102.28645
21.88063,-102.31792
21.85276,-102.2555
21.848979999999997,-102.25755
21.867520000000003,-102.30645
21.87762,-102.28138
21.92515,-102.29807
21.85734,-102.24755
21.9255,-102.29154
21.87821,-102.29697
21.84548,-102.30691
21.84478,-102.29077
21.86466,-102.23545
21.86712,-102.30413
21.88052,-102.24564000000001
21.913970000000003,-102.29731
21.85559,-102.25523000000001
21.88971,-102.31691
21.867929999999998,-102.30888
21.88884,-102.29781
21.9098,-102.32887
21.90759,-102.29233
21.85419,-102.3171
21.87244,-102.29178
21.90925,-102.25455
21.89949,-102.31399
21.87138,-102.32236999999999
21.87924,-102.29033000000001
21.85697,-102.26638
21.84601,-102.27124
21.883570000000002,-102.27441999999999
21.85642,-102.25237
21.826,-102.2876
21.85624,-102.25279
21.92736,-102.24519000000001
21.87371,-102.33373
21.9092,-102.35356
21.903679999999998,-102.24828000000001
21.87298,-102.31513000000001
21.90437,-102.24619
21.889789999999998,-102.29521
21.886789999999998,-102.27301
21.865679999999998,-102.29103
21.925420000000003,-102.26405
21.859189999999998,-102.28206
21.863970000000002,-102.29869000000001
21.89404,-102.31193
21.84949,-102.24874
21.90265,-102.28017
21.879920000000002,-102.28184
21.87119,-102.31962
21.85642,-102.25237
21.90396,-102.2925
21.876739999999998,-102.25621
21.92174,-102.27731999999999
21.85463,-102.27356
21.8563,-102.27108
21.895329999999998,-102.28438
21.882839999999998,-102.28066
21.87621,-102.34347
21.883129999999998,-102.27891
21.845679999999998,-102.30596
21.888479999999998,-102.31694
21.80886,-102.27523000000001
21.87419,-102.31192
21.84478,-102.29077
21.93161,-102.26056
21.84292,-102.2692
21.85984,-102.25818000000001
21.869670000000003,-102.3024
21.85104,-102.30739
21.90699,-102.257
21.84292,-102.2692
21.85984,-102.25818000000001
21.88968,-102.24429
21.85389,-102.28429
21.8768,-102.30239
21.907970000000002,-102.2923
21.87651,-102.24709
21.898000000000003,-102.27949
21.849729999999997,-102.24972
21.867739999999998,-102.24453000000001
21.9098,-102.32887
21.858,-102.26941
21.85876,-102.28985
21.88609,-102.31728000000001
21.901770000000003,-102.25447
21.87774,-102.29895
21.92436,-102.28473000000001
21.92826,-102.28079
21.85866,-102.34225
21.87465,-102.31025
21.86188,-102.3028
21.85782,-102.2949
21.860120000000002,-102.28206999999999
21.85377,-102.2584
21.884179999999997,-102.27256
21.86005,-102.2218
21.88984,-102.30739
21.91479,-102.2474
21.842589999999998,-102.25249000000001
21.902739999999998,-102.30518000000001
21.87867,-102.29495
21.92585,-102.30154
21.891270000000002,-102.31915
21.91611,-102.30793
21.858079999999998,-102.29607
21.834789999999998,-102.28908
21.914279999999998,-102.31281
21.85894,-102.31136
21.834789999999998,-102.28908
21.84845,-102.34223
21.87419,-102.31192
21.87218,-102.29304
21.85763,-102.26941
21.90955,-102.31738
21.87963,-102.28593000000001
21.9028,-102.27019
21.883229999999998,-102.23799
21.886,-102.25586
21.90759,-102.29233
21.87244,-102.29178
21.88961,-102.27346999999999
21.88264,-102.28229
21.808770000000003,-102.29165
21.9354,-102.2911
21.89249,-102.25354
21.83851,-102.28023
21.87714,-102.30118
21.887929999999997,-102.30263000000001
21.879579999999997,-102.24826999999999
21.90307,-102.27313000000001
21.866629999999997,-102.25173000000001
21.93817,-102.25373
21.91544,-102.29196999999999
21.86003,-102.27289
21.941760000000002,-102.29738
21.90423,-102.25568
21.84779,-102.31976999999999
21.84875,-102.26406999999999
21.87268,-102.3159
21.86003,-102.27289
21.90596,-102.2603
21.86497,-102.25259
21.90961,-102.32049
21.85894,-102.31136
21.86654,-102.28198
21.90498,-102.2634
21.84473,-102.25846999999999
21.860129999999998,-102.28158
21.86466,-102.23545
21.91522,-102.28652
21.85624,-102.25279
21.89249,-102.25354
21.85079,-102.25457
21.8448,-102.29726
21.89551,-102.27257
21.824360000000002,-102.26968000000001
21.90744,-102.28645
21.92972,-102.26288000000001
21.8412,-102.25563000000001
21.861279999999997,-102.28275
21.8717,-102.31115
21.89866,-102.31342
21.909679999999998,-102.30705
21.90727,-102.29679
21.8666,-102.30121
21.86617,-102.24558
21.87744,-102.23704000000001
21.84478,-102.29077
21.884179999999997,-102.27256
21.9098,-102.32887
21.935879999999997,-102.25064
21.85408,-102.2638
21.91568,-102.29746999999999
21.860570000000003,-102.28277
21.89676,-102.27107
21.8993,-102.27831
21.866,-102.2394
21.87895,-102.29375
21.8692,-102.26214
21.87868,-102.30136999999999
21.89387,-102.25605999999999
21.82703,-102.29391
21.883979999999998,-102.2699
22.002229999999997,-102.19545
21.8628,-102.33072
21.850260000000002,-102.25262
21.87425,-102.25543
21.924210000000002,-102.26151
21.93139,-102.26016
21.89581,-102.30984000000001
21.85957,-102.29511
21.90094,-102.31178
21.88966,-102.28911
21.89341,-102.27423
21.85918,-102.314
21.860120000000002,-102.28058
21.89968,-102.29595
21.88968,-102.24429
21.87258,-102.32954000000001
21.90288,-102.3303
21.85218,-102.29966999999999
21.86561,-102.29562
21.87136,-102.22876
21.88901,-102.26216
21.85657,-102.30655
21.92735,-102.26633000000001
21.88133,-102.23789000000001
21.91183,-102.23899
21.860120000000002,-102.28108
21.84991,-102.27334
21.87714,-102.30118
21.90546,-102.24299
21.8934,-102.36721999999999
21.847260000000002,-102.33828000000001
21.88498,-102.31553000000001
21.83162,-102.27856
21.85839,-102.25675
21.91499,-102.28101
21.85821,-102.29772
21.87999,-102.30199
21.851770000000002,-102.25032
21.90504,-102.25605
21.91947,-102.28104
21.90155,-102.29621999999999
21.86561,-102.29562
21.8795,-102.29398
21.87519,-102.30818000000001
21.87714,-102.30118
21.87371,-102.33373
21.80087,-102.27643
21.85473,-102.25868
21.86211,-102.24293
21.87933,-102.28904
21.88524,-102.31056
21.91568,-102.29746999999999
21.93161,-102.26056
21.90811,-102.30113
21.883000000000003,-102.33456
21.91629,-102.31113
21.84845,-102.34223
21.88609,-102.31728000000001
21.9245,-102.27641
21.84292,-102.2692
21.88224,-102.26435
21.8844,-102.23453
21.89248,-102.31452
21.87807,-102.27152
21.90362,-102.29715999999999
21.916439999999998,-102.31371
21.88697,-102.24516
21.94455,-102.2907
21.86608,-102.23751999999999
21.84453,-102.30442
21.879579999999997,-102.24826999999999
21.84329,-102.32303
21.90178,-102.2884
21.85736,-102.25941999999999
21.88862,-102.25189
21.85866,-102.34225
21.894479999999998,-102.2872
21.9255,-102.29154
21.85239,-102.26932
21.84907,-102.31926999999999
21.87595,-102.30511
21.805870000000002,-102.26918
21.87358,-102.23725999999999
21.89359,-102.24564000000001
21.93374,-102.28494
21.8841,-102.29859
21.91186,-102.24328
21.86819,-102.25229
21.882379999999998,-102.28684
21.914260000000002,-102.29203000000001
21.85318,-102.26935
21.89968,-102.29595
21.85987,-102.25981999999999
21.91505,-102.28246999999999
21.91597,-102.30388
21.84292,-102.2692
21.85894,-102.31136
21.8831,-102.27816
21.86272,-102.29772
21.82559,-102.2689
21.8654,-102.24248
21.88881,-102.27413
21.85876,-102.28985
21.879579999999997,-102.24826999999999
21.8791,-102.35435
21.84551,-102.28761
21.90276,-102.30765
21.84553,-102.26313
21.90759,-102.29032
21.84875,-102.26406999999999
21.90436,-102.28591999999999
21.89872,-102.27489
21.91461,-102.30954
21.87069,-102.24471
21.89313,-102.26437
21.87867,-102.29495
21.912879999999998,-102.26053
21.897289999999998,-102.30468
21.85118,-102.27197
21.86376,-102.25251999999999
21.86376,-102.25251999999999
21.85899,-102.29314000000001
21.899820000000002,-102.28149
21.94455,-102.2907
21.9109,-102.26091
21.92436,-102.28473000000001
21.79852,-102.28883
21.88804,-102.26165999999999
21.86831,-102.23921999999999
21.88653,-102.28806999999999
21.86937,-102.25881
21.882839999999998,-102.28066
21.756420000000002,-102.37581
21.89133,-102.25773000000001
21.89781,-102.25341999999999
21.87371,-102.33373
21.89517,-102.28859
21.88018,-102.29204
21.866220000000002,-102.28529
21.84845,-102.34223
21.936770000000003,-102.27409
21.86395,-102.33479
21.9087,-102.27259000000001
21.91016,-102.2596
21.90962,-102.25929000000001
21.85931,-102.29507
21.8587,-102.30870999999999
21.92735,-102.26633000000001
21.85166,-102.31822
21.87265,-102.24845
21.84639,-102.26926999999999
21.8591,-102.26839
21.9098,-102.32887
21.83253,-102.28871
21.845270000000003,-102.30151
21.87882,-102.30085
21.84899,-102.25714
21.867929999999998,-102.30888
21.89564,-102.27053000000001
21.826,-102.2876
21.87914,-102.29185
21.85624,-102.25279
21.87774,-102.29895
21.8934,-102.36721999999999
21.886770000000002,-102.25594
21.84292,-102.2692
21.86831,-102.23921999999999
21.851770000000002,-102.25032
21.90452,-102.25581
21.90209,-102.28551
21.90054,-102.30495
21.9119,-102.23657
21.84865,-102.24892
21.94741,-102.25894
21.876720000000002,-102.25621
21.88253,-102.36697
21.9255,-102.29154
21.84745,-102.29117
21.82776,-102.28768000000001
21.88713,-102.25121999999999
21.87633,-102.31967
21.89171,-102.33861999999999
21.88239,-102.31774
21.80813,-102.34411999999999
21.78681,-102.16875999999999
21.93652,-102.22876
21.726860000000002,-102.42936
21.759529999999998,-102.27903
21.72229,-102.31978000000001
21.82309,-102.2668
21.89878,-102.18483
21.898979999999998,-102.29857
21.89453,-102.29074
21.887079999999997,-102.29247
21.91544,-102.29196999999999
21.871779999999998,-102.29401
21.88464,-102.25668
21.86964,-102.25752
21.86937,-102.25881
21.920560000000002,-102.26162
21.83568,-102.28466
21.88713,-102.25121999999999
21.79834,-102.34803000000001
21.905929999999998,-102.21181999999999
21.81553,-102.19099
21.9087,-102.21239
21.931829999999998,-102.23119
21.947860000000002,-102.22875
21.77502,-102.35758
21.89684,-102.30635
21.86056,-102.30071
21.91265,-102.29209
21.90596,-102.2603
21.85934,-102.28693
21.912770000000002,-102.2419
21.90148,-102.28952
21.81084,-102.26924
21.85581,-102.25435999999999
21.89396,-102.26567
21.88609,-102.31728000000001
21.93085,-102.29819
21.87346,-102.24589
21.854879999999998,-102.33971
21.8935,-102.30487
21.88181,-102.31244000000001
21.84401,-102.26276999999999
21.88018,-102.29204
21.89249,-102.25354
21.915589999999998,-102.29499
21.87419,-102.31192
21.894000000000002,-102.28516
21.867739999999998,-102.24453000000001
21.91337,-102.27504
21.860670000000002,-102.3167
21.86978,-102.27246
21.85432,-102.34374
21.883020000000002,-102.25901
21.928929999999998,-102.31052
21.88402,-102.25395
21.846510000000002,-102.28088000000001
21.85998,-102.26941
21.85985,-102.25692
21.841639999999998,-102.25411
21.926170000000003,-102.26348
21.85918,-102.314
21.88804,-102.26165999999999
21.8871,-102.31708
21.87651,-102.24709
21.89316,-102.31526
21.88295,-102.36856
21.871570000000002,-102.31865
21.86289,-102.31664
21.91568,-102.29746999999999
21.88225,-102.22915
21.893629999999998,-102.25356
21.848679999999998,-102.30444
21.86726,-102.3162
21.947329999999997,-102.25828
21.88053,-102.24802
21.87536,-102.25576
21.852339999999998,-102.35294
21.89657,-102.31456
21.85782,-102.25084
21.867739999999998,-102.24453000000001
21.82208,-102.27475
21.90546,-102.24299
21.85241,-102.29203000000001
21.86528,-102.29565
21.911179999999998,-102.25998
21.87774,-102.29895
21.91743,-102.24547
21.89325,-102.29521
21.92202,-102.28520999999999
21.86328,-102.29386
21.87204,-102.30539
21.88215,-102.24924
21.8825,-102.28304
21.93364,-102.26428
21.92614,-102.33495
21.86975,-102.24843
21.93538,-102.26172
21.9255,-102.29154
21.86351,-102.2477
21.89412,-102.25891999999999
21.88212,-102.29709
21.90954,-102.31837
21.87249,-102.24893
21.869220000000002,-102.25386999999999
21.83372,-102.2889
21.858079999999998,-102.29298
21.869310000000002,-102.24214
21.8529,-102.25202
21.91168,-102.29715999999999
21.888379999999998,-102.25179
21.859560000000002,-102.29884
21.909779999999998,-102.30213
21.92325,-102.2884
21.89676,-102.27107
21.92333,-102.29164
21.88212,-102.29709
21.895139999999998,-102.31098
21.915370000000003,-102.29030999999999
21.88193,-102.29762
21.91239,-102.25201
21.92986,-102.25627
21.86188,-102.3028
21.90178,-102.2884
21.895570000000003,-102.29288000000001
21.9143,-102.24805
21.91205,-102.25442
21.86802,-102.31815999999999
21.8736,-102.27421
21.88149,-102.29145
21.903679999999998,-102.24828000000001
21.882839999999998,-102.28066
21.92556,-102.28019
21.89177,-102.30796
21.92474,-102.30481999999999
21.895139999999998,-102.31098
21.87246,-102.22901999999999
21.860129999999998,-102.24953000000001
21.90236,-102.28858000000001
21.91239,-102.28185
21.93604,-102.2613
21.88085,-102.3054
21.92325,-102.2884
21.9255,-102.29154
21.87893,-102.28434
21.883129999999998,-102.27891
21.85166,-102.31822
21.916439999999998,-102.31371
21.88609,-102.31728000000001
21.94445,-102.29071
21.858079999999998,-102.29298
21.92474,-102.30481999999999
21.9255,-102.29154
21.886789999999998,-102.27301
21.903229999999997,-102.28573
21.89355,-102.21231
21.90614,-102.24333
21.82559,-102.2689
21.896179999999998,-102.30872
21.87361,-102.28716999999999
21.884610000000002,-102.31246999999999
21.8601,-102.25559
21.83253,-102.28871
21.912779999999998,-102.29723
21.89641,-102.28105
21.859560000000002,-102.29884
21.90975,-102.33219
21.8845,-102.2698
21.84828,-102.26082
21.92735,-102.26633000000001
21.88179,-102.28990999999999
21.9012,-102.31667
21.8795,-102.29398
21.901329999999998,-102.25635
21.87359,-102.22979000000001
21.91489,-102.27866
21.8896,-102.25231
21.88689,-102.25113
21.91056,-102.2581
21.87675,-102.31823
21.91597,-102.30388
21.80593,-102.26957
21.87063,-102.31083000000001
21.86613,-102.23978000000001
21.86293,-102.3317
21.88741,-102.31012
21.87138,-102.32236999999999
21.871570000000002,-102.31865
21.883020000000002,-102.25901
21.898000000000003,-102.27949
21.92067,-102.29778
21.859560000000002,-102.29884
21.86918,-102.31166999999999
21.94138,-102.25681
21.901770000000003,-102.27545
21.90382,-102.26701
21.86007,-102.27812
21.84402,-102.32831
21.84402,-102.32831
21.88609,-102.31728000000001
21.89725,-102.26726
21.91544,-102.29196999999999
21.87531,-102.29628000000001
21.86589,-102.30439
21.86496,-102.28439
21.87425,-102.25543
21.886470000000003,-102.28067
21.94153,-102.27882
21.86802,-102.31815999999999
21.8717,-102.31115
21.928320000000003,-102.30513
21.844820000000002,-102.25258000000001
21.87519,-102.30818000000001
21.87901,-102.26204
21.85013,-102.29401999999999
21.89544,-102.31705
21.84787,-102.27311
21.87781,-102.24696
21.91629,-102.31113
21.8049,-102.27283
21.85858,-102.29063000000001
21.86538,-102.2942
21.88329,-102.31768000000001
21.86485,-102.25633
21.88264,-102.28229
21.88295,-102.36856
21.860020000000002,-102.27393000000001
21.867739999999998,-102.24453000000001
21.90254,-102.2856
21.88909,-102.29887
21.88339,-102.24972
21.88239,-102.28479
21.88961,-102.24454
21.91479,-102.2474
21.88239,-102.28478
21.88188,-102.24189
21.91368,-102.31262
21.86189,-102.25664
21.88178,-102.22966
21.884339999999998,-102.26984
21.86466,-102.23545
21.87425,-102.25543
21.88266,-102.29794
21.9028,-102.27019
21.8782,-102.27405999999999
21.9119,-102.23657
21.84454,-102.28054
21.93593,-102.27346
21.8411,-102.29013
21.89842,-102.25148
21.87893,-102.28434
21.84478,-102.29077
21.86415,-102.34009
21.84845,-102.34223
21.86885,-102.29771
21.92137,-102.26326
21.901770000000003,-102.25447
21.850179999999998,-102.27303
21.89105,-102.27447
21.92159,-102.30444
21.91568,-102.29746999999999
21.85782,-102.2949
21.9087,-102.27259000000001
21.87359,-102.27675
21.86636,-102.28384
21.879579999999997,-102.24826999999999
21.87894,-102.30728
21.88043,-102.29549
21.884710000000002,-102.29885
21.866629999999997,-102.29691
21.87453,-102.24275
21.864420000000003,-102.26935
21.87923,-102.28713
21.93311,-102.25424
21.85272,-102.30771
21.86975,-102.24843
21.85104,-102.30739
21.87346,-102.24589
21.860020000000002,-102.27553
21.86061,-102.24927
21.80621,-102.26928000000001
21.84384,-102.24738
21.84521,-102.30826
21.891820000000003,-102.26366999999999
21.895139999999998,-102.31098
21.86565,-102.23839
21.884339999999998,-102.26984
21.852339999999998,-102.35294
21.87044,-102.23729
21.84389,-102.25575
21.92202,-102.28520999999999
21.91796,-102.25121
21.805870000000002,-102.26918
21.899639999999998,-102.2797
21.87298,-102.31513000000001
21.90308,-102.24115
21.91106,-102.28219
21.92463,-102.3068
21.86351,-102.2477
21.85215,-102.26931
21.882839999999998,-102.28066
21.88336,-102.28483
21.880229999999997,-102.22939000000001
21.90215,-102.27174000000001
21.86703,-102.25318
21.91597,-102.30388
21.88935,-102.21566
21.926460000000002,-102.2653
21.80087,-102.27643
21.9108,-102.27369
21.90253,-102.31636999999999
21.88748,-102.25021
21.859920000000002,-102.26496
21.92174,-102.27731999999999
21.86003,-102.27289
21.91279,-102.2938
21.897289999999998,-102.30468
21.856679999999997,-102.29275
21.884179999999997,-102.27256
21.86962,-102.24299
21.85081,-102.31857
21.881439999999998,-102.26552
21.93555,-102.26584
21.84292,-102.2692
21.86802,-102.31815999999999
21.86382,-102.31744
21.8587,-102.30549
21.85781,-102.29798000000001
21.93349,-102.2824
21.90383,-102.31626999999999
21.88265,-102.29032
21.87265,-102.3011
21.873620000000003,-102.27083
21.86188,-102.3028
21.85262,-102.30700999999999
21.896539999999998,-102.30741
